firstname,lastname,password
Tfs,FsService,Hello12345.
Tim,Developer,Hello12345.
John,Johnson,Hello12345.
Robert,Williams,Hello12345.
Michael,Jones,Hello12345.
William,Brown,Hello12345.
David,Davis,Hello12345.
Richard,Miller,Hello12345.
Charles,Wilson,Hello12345.
Joseph,Moore,Hello12345.
Thomas,Taylor,Hello12345.
Christopher,Anderson,Hello12345.
Daniel,Thomas,Hello12345.
Paul,Jackson,Hello12345.
Mark,White,Hello12345.
Donald,Harris,Hello12345.
George,Martin,Hello12345.
Kenneth,Thompson,Hello12345.
Steven,Garcia,Hello12345.
Edward,Martinez,Hello12345.
Brian,Robinson,Hello12345.
Ronald,Clark,Hello12345.
Anthony,Rodriguez,Hello12345.
Kevin,Lewis,Hello12345.
Jason,Lee,Hello12345.
Matthew,Walker,Hello12345.
Gary,Hall,Hello12345.
Timothy,Allen,Hello12345.
Jose,Young,Hello12345.
Larry,Hernandez,Hello12345.
Jeffrey,King,Hello12345.
Frank,Wright,Hello12345.
Scott,Lopez,Hello12345.
Eric,Hill,Hello12345.
Stephen,Scott,Hello12345.
Andrew,Green,Hello12345.
Raymond,Adams,Hello12345.
Gregory,Baker,Hello12345.
Joshua,Gonzalez,Hello12345.
Jerry,Nelson,Hello12345.
Dennis,Carter,Hello12345.
Walter,Mitchell,Hello12345.
Patrick,Perez,Hello12345.
Peter,Roberts,Hello12345.
Harold,Turner,Hello12345.
Douglas,Phillips,Hello12345.
Henry,Campbell,Hello12345.
Carl,Parker,Hello12345.
Arthur,Evans,Hello12345.
Ryan,Edwards,Hello12345.
Roger,Collins,Hello12345.
Joe,Stewart,Hello12345.
Juan,Sanchez,Hello12345.
Jack,Morris,Hello12345.
Albert,Rogers,Hello12345.
Jonathan,Reed,Hello12345.
Justin,Cook,Hello12345.
Terry,Morgan,Hello12345.
Gerald,Bell,Hello12345.
Keith,Murphy,Hello12345.
Samuel,Bailey,Hello12345.
Willie,Rivera,Hello12345.
Ralph,Cooper,Hello12345.
Lawrence,Richardson,Hello12345.
Nicholas,Cox,Hello12345.
Roy,Howard,Hello12345.
Benjamin,Ward,Hello12345.
Bruce,Torres,Hello12345.
Brandon,Peterson,Hello12345.
Adam,Gray,Hello12345.
Harry,Ramirez,Hello12345.
Fred,James,Hello12345.
Wayne,Watson,Hello12345.
Billy,Brooks,Hello12345.
Steve,Kelly,Hello12345.
Louis,Sanders,Hello12345.
Jeremy,Price,Hello12345.
Aaron,Bennett,Hello12345.
Randy,Wood,Hello12345.
Howard,Barnes,Hello12345.
Eugene,Ross,Hello12345.
Carlos,Henderson,Hello12345.
Russell,Coleman,Hello12345.
Bobby,Jenkins,Hello12345.
Victor,Perry,Hello12345.
Martin,Powell,Hello12345.
Ernest,Long,Hello12345.
Phillip,Patterson,Hello12345.
Todd,Hughes,Hello12345.
Jesse,Flores,Hello12345.
Craig,Washington,Hello12345.
Alan,Butler,Hello12345.
Shawn,Simmons,Hello12345.
Clarence,Foster,Hello12345.
Sean,Gonzales,Hello12345.
Philip,Bryant,Hello12345.
Chris,Alexander,Hello12345.
Johnny,Russell,Hello12345.
Earl,Griffin,Hello12345.
Jimmy,Diaz,Hello12345.
Antonio,Hayes,Hello12345.
Danny,Myers,Hello12345.
Bryan,Ford,Hello12345.
Tony,Hamilton,Hello12345.
Luis,Graham,Hello12345.
Mike,Sullivan,Hello12345.
Stanley,Wallace,Hello12345.
Leonard,Woods,Hello12345.
Nathan,Cole,Hello12345.
Dale,West,Hello12345.
Manuel,Jordan,Hello12345.
Rodney,Owens,Hello12345.
Curtis,Reynolds,Hello12345.
Norman,Fisher,Hello12345.
Allen,Ellis,Hello12345.
Marvin,Harrison,Hello12345.
Vincent,Gibson,Hello12345.
Glenn,Mcdonald,Hello12345.
Jeffery,Cruz,Hello12345.
Travis,Marshall,Hello12345.
Jeff,Ortiz,Hello12345.
Chad,Gomez,Hello12345.
Jacob,Murray,Hello12345.
Lee,Freeman,Hello12345.
Melvin,Wells,Hello12345.
Alfred,Webb,Hello12345.
Kyle,Simpson,Hello12345.
Francis,Stevens,Hello12345.
Bradley,Tucker,Hello12345.
Jesus,Porter,Hello12345.
Herbert,Hunter,Hello12345.
Frederick,Hicks,Hello12345.
Ray,Crawford,Hello12345.
Joel,Henry,Hello12345.
Edwin,Boyd,Hello12345.
Don,Mason,Hello12345.
Eddie,Morales,Hello12345.
Ricky,Kennedy,Hello12345.
Troy,Warren,Hello12345.
Randall,Dixon,Hello12345.
Barry,Ramos,Hello12345.
Alexander,Reyes,Hello12345.
Bernard,Burns,Hello12345.
Mario,Gordon,Hello12345.
Leroy,Shaw,Hello12345.
Francisco,Holmes,Hello12345.
Marcus,Rice,Hello12345.
Micheal,Robertson,Hello12345.
Theodore,Hunt,Hello12345.
Clifford,Black,Hello12345.
Miguel,Daniels,Hello12345.
Oscar,Palmer,Hello12345.
Jay,Mills,Hello12345.
Jim,Nichols,Hello12345.
Tom,Grant,Hello12345.
Calvin,Knight,Hello12345.
Alex,Ferguson,Hello12345.
Jon,Rose,Hello12345.
Ronnie,Stone,Hello12345.
Bill,Hawkins,Hello12345.
Lloyd,Dunn,Hello12345.
Tommy,Perkins,Hello12345.
Leon,Hudson,Hello12345.
Derek,Spencer,Hello12345.
Warren,Gardner,Hello12345.
Darrell,Stephens,Hello12345.
Jerome,Payne,Hello12345.
Floyd,Pierce,Hello12345.
Leo,Berry,Hello12345.
Alvin,Matthews,Hello12345.
Tim,Arnold,Hello12345.
Wesley,Wagner,Hello12345.
Gordon,Willis,Hello12345.
Dean,Ray,Hello12345.
Greg,Watkins,Hello12345.
Jorge,Olson,Hello12345.
Dustin,Carroll,Hello12345.
Pedro,Duncan,Hello12345.
Derrick,Snyder,Hello12345.
Dan,Hart,Hello12345.
Lewis,Cunningham,Hello12345.
Zachary,Bradley,Hello12345.
Corey,Lane,Hello12345.
Herman,Andrews,Hello12345.
Maurice,Ruiz,Hello12345.
Vernon,Harper,Hello12345.
Roberto,Fox,Hello12345.
Clyde,Riley,Hello12345.
Glen,Armstrong,Hello12345.
Hector,Carpenter,Hello12345.
Shane,Weaver,Hello12345.
Ricardo,Greene,Hello12345.
Sam,Lawrence,Hello12345.
Rick,Elliott,Hello12345.
Lester,Chavez,Hello12345.
Brent,Sims,Hello12345.
Ramon,Austin,Hello12345.
Charlie,Peters,Hello12345.
Tyler,Kelley,Hello12345.
Gilbert,Franklin,Hello12345.
Gene,Lawson,Hello12345.
Marc,Fields,Hello12345.
Reginald,Gutierrez,Hello12345.
Ruben,Ryan,Hello12345.
Brett,Schmidt,Hello12345.
Angel,Carr,Hello12345.
Nathaniel,Vasquez,Hello12345.
Rafael,Castillo,Hello12345.
Leslie,Wheeler,Hello12345.
Edgar,Chapman,Hello12345.
Milton,Oliver,Hello12345.
Raul,Montgomery,Hello12345.
Ben,Richards,Hello12345.
Chester,Williamson,Hello12345.
Cecil,Johnston,Hello12345.
Duane,Banks,Hello12345.
Franklin,Meyer,Hello12345.
Andre,Bishop,Hello12345.
Elmer,Mccoy,Hello12345.
Brad,Howell,Hello12345.
Gabriel,Alvarez,Hello12345.
Ron,Morrison,Hello12345.
Mitchell,Hansen,Hello12345.
Roland,Fernandez,Hello12345.
Arnold,Garza,Hello12345.
Harvey,Harvey,Hello12345.
Jared,Little,Hello12345.
Adrian,Burton,Hello12345.
Karl,Stanley,Hello12345.
Cory,Nguyen,Hello12345.
Claude,George,Hello12345.
Erik,Jacobs,Hello12345.
Darryl,Reid,Hello12345.
Jamie,Kim,Hello12345.
Neil,Fuller,Hello12345.
Jessie,Lynch,Hello12345.
Christian,Dean,Hello12345.
Javier,Gilbert,Hello12345.
Fernando,Garrett,Hello12345.
Clinton,Romero,Hello12345.
Ted,Welch,Hello12345.
Mathew,Larson,Hello12345.
Tyrone,Frazier,Hello12345.
Darren,Burke,Hello12345.
Lonnie,Hanson,Hello12345.
Lance,Day,Hello12345.
Cody,Mendoza,Hello12345.
Julio,Moreno,Hello12345.
Kelly,Bowman,Hello12345.
Kurt,Medina,Hello12345.
Allan,Fowler,Hello12345.
Nelson,Brewer,Hello12345.
Guy,Hoffman,Hello12345.
Clayton,Carlson,Hello12345.
Hugh,Silva,Hello12345.
Max,Pearson,Hello12345.
Dwayne,Holland,Hello12345.
Dwight,Douglas,Hello12345.
Armando,Fleming,Hello12345.
Felix,Jensen,Hello12345.
Jimmie,Vargas,Hello12345.
Everett,Byrd,Hello12345.
Jordan,Davidson,Hello12345.
Ian,Hopkins,Hello12345.
Wallace,May,Hello12345.
Ken,Terry,Hello12345.
Bob,Herrera,Hello12345.
Jaime,Wade,Hello12345.
Casey,Soto,Hello12345.
Alfredo,Walters,Hello12345.
Alberto,Curtis,Hello12345.
Dave,Neal,Hello12345.
Ivan,Caldwell,Hello12345.
Johnnie,Lowe,Hello12345.
Sidney,Jennings,Hello12345.
Byron,Barnett,Hello12345.
Julian,Graves,Hello12345.
Isaac,Jimenez,Hello12345.
Morris,Horton,Hello12345.
Clifton,Shelton,Hello12345.
Willard,Barrett,Hello12345.
Daryl,Obrien,Hello12345.
Ross,Castro,Hello12345.
Virgil,Sutton,Hello12345.
Andy,Gregory,Hello12345.
Marshall,Mckinney,Hello12345.
Salvador,Lucas,Hello12345.
Perry,Miles,Hello12345.
Kirk,Craig,Hello12345.
Sergio,Rodriquez,Hello12345.
Marion,Chambers,Hello12345.
Tracy,Holt,Hello12345.
Seth,Lambert,Hello12345.
Kent,Fletcher,Hello12345.
Terrance,Watts,Hello12345.
Rene,Bates,Hello12345.
Eduardo,Hale,Hello12345.
Terrence,Rhodes,Hello12345.
Enrique,Pena,Hello12345.
Freddie,Beck,Hello12345.
Wade,Newman,Hello12345.
Austin,Haynes,Hello12345.
Stuart,Mcdaniel,Hello12345.
Fredrick,Mendez,Hello12345.
Arturo,Bush,Hello12345.
Alejandro,Vaughn,Hello12345.
Jackie,Parks,Hello12345.
Joey,Dawson,Hello12345.
Nick,Santiago,Hello12345.
Luther,Norris,Hello12345.
Wendell,Hardy,Hello12345.
Jeremiah,Love,Hello12345.
Evan,Steele,Hello12345.
Julius,Curry,Hello12345.
Dana,Powers,Hello12345.
Donnie,Schultz,Hello12345.
Otis,Barker,Hello12345.
Shannon,Guzman,Hello12345.
Trevor,Page,Hello12345.
Oliver,Munoz,Hello12345.
Luke,Ball,Hello12345.
Homer,Keller,Hello12345.
Gerard,Chandler,Hello12345.
Doug,Weber,Hello12345.
Kenny,Leonard,Hello12345.
Hubert,Walsh,Hello12345.
Angelo,Lyons,Hello12345.
Shaun,Ramsey,Hello12345.
Lyle,Wolfe,Hello12345.
Matt,Schneider,Hello12345.
Lynn,Mullins,Hello12345.
Alfonso,Benson,Hello12345.
Orlando,Sharp,Hello12345.
Rex,Bowen,Hello12345.
Carlton,Daniel,Hello12345.
Ernesto,Barber,Hello12345.
Cameron,Cummings,Hello12345.
Neal,Hines,Hello12345.
Pablo,Baldwin,Hello12345.
Lorenzo,Griffith,Hello12345.
Omar,Valdez,Hello12345.
Wilbur,Hubbard,Hello12345.
Blake,Salazar,Hello12345.
Grant,Reeves,Hello12345.
Horace,Warner,Hello12345.
Roderick,Stevenson,Hello12345.
Kerry,Burgess,Hello12345.
Abraham,Santos,Hello12345.
Willis,Tate,Hello12345.
Rickey,Cross,Hello12345.
Jean,Garner,Hello12345.
Ira,Mann,Hello12345.
Andres,Mack,Hello12345.
Cesar,Moss,Hello12345.
Johnathan,Thornton,Hello12345.
Malcolm,Dennis,Hello12345.
Rudolph,Mcgee,Hello12345.
Damon,Farmer,Hello12345.
Kelvin,Delgado,Hello12345.
Rudy,Aguilar,Hello12345.
Preston,Vega,Hello12345.
Alton,Glover,Hello12345.
Archie,Manning,Hello12345.
Marco,Cohen,Hello12345.
Wm,Harmon,Hello12345.
Pete,Rodgers,Hello12345.
Randolph,Robbins,Hello12345.
Garry,Newton,Hello12345.
Geoffrey,Todd,Hello12345.
Jonathon,Blair,Hello12345.
Felipe,Higgins,Hello12345.
Bennie,Ingram,Hello12345.
Gerardo,Reese,Hello12345.
Ed,Cannon,Hello12345.
Dominic,Strickland,Hello12345.
Robin,Townsend,Hello12345.
Loren,Potter,Hello12345.
Delbert,Goodwin,Hello12345.
Colin,Walton,Hello12345.
Guillermo,Rowe,Hello12345.
Earnest,Hampton,Hello12345.
Lucas,Ortega,Hello12345.
Benny,Patton,Hello12345.
Noel,Swanson,Hello12345.
Spencer,Joseph,Hello12345.
Rodolfo,Francis,Hello12345.
Myron,Goodman,Hello12345.
Edmund,Maldonado,Hello12345.
Garrett,Yates,Hello12345.
Salvatore,Becker,Hello12345.
Cedric,Erickson,Hello12345.
Lowell,Hodges,Hello12345.
Gregg,Rios,Hello12345.
Sherman,Conner,Hello12345.
Wilson,Adkins,Hello12345.
Devin,Webster,Hello12345.
Sylvester,Norman,Hello12345.
Kim,Malone,Hello12345.
Roosevelt,Hammond,Hello12345.
Israel,Flowers,Hello12345.
Jermaine,Cobb,Hello12345.
Forrest,Moody,Hello12345.
Wilbert,Quinn,Hello12345.
Leland,Blake,Hello12345.
Simon,Maxwell,Hello12345.
Guadalupe,Pope,Hello12345.
Clark,Floyd,Hello12345.
Irving,Osborne,Hello12345.
Carroll,Paul,Hello12345.
Bryant,Mccarthy,Hello12345.
Owen,Guerrero,Hello12345.
Rufus,Lindsey,Hello12345.
Woodrow,Estrada,Hello12345.
Sammy,Sandoval,Hello12345.
Kristopher,Gibbs,Hello12345.
Mack,Tyler,Hello12345.
Levi,Gross,Hello12345.
Marcos,Fitzgerald,Hello12345.
Gustavo,Stokes,Hello12345.
Jake,Doyle,Hello12345.
Lionel,Sherman,Hello12345.
Marty,Saunders,Hello12345.
Taylor,Wise,Hello12345.
Ellis,Colon,Hello12345.
Dallas,Gill,Hello12345.
Gilberto,Alvarado,Hello12345.
Clint,Greer,Hello12345.
Nicolas,Padilla,Hello12345.
Laurence,Simon,Hello12345.
Ismael,Waters,Hello12345.
Orville,Nunez,Hello12345.
Drew,Ballard,Hello12345.
Jody,Schwartz,Hello12345.
Ervin,Mcbride,Hello12345.
Dewey,Houston,Hello12345.
Al,Christensen,Hello12345.
Wilfred,Klein,Hello12345.
Josh,Pratt,Hello12345.
Hugo,Briggs,Hello12345.
Ignacio,Parsons,Hello12345.
Caleb,Mclaughlin,Hello12345.
Tomas,Zimmerman,Hello12345.
Sheldon,French,Hello12345.
Erick,Buchanan,Hello12345.
Frankie,Moran,Hello12345.
Stewart,Copeland,Hello12345.
Doyle,Roy,Hello12345.
Darrel,Pittman,Hello12345.
Rogelio,Brady,Hello12345.
Terence,Mccormick,Hello12345.
Santiago,Holloway,Hello12345.
Alonzo,Brock,Hello12345.
Elias,Poole,Hello12345.
Bert,Frank,Hello12345.
Elbert,Logan,Hello12345.
Ramiro,Owen,Hello12345.
Conrad,Bass,Hello12345.
Pat,Marsh,Hello12345.
Noah,Drake,Hello12345.
Grady,Wong,Hello12345.
Phil,Jefferson,Hello12345.
Cornelius,Park,Hello12345.
Lamar,Morton,Hello12345.
Rolando,Abbott,Hello12345.
Clay,Sparks,Hello12345.
Percy,Patrick,Hello12345.
Dexter,Norton,Hello12345.
Bradford,Huff,Hello12345.
Merle,Clayton,Hello12345.
Darin,Massey,Hello12345.
Amos,Lloyd,Hello12345.
Terrell,Figueroa,Hello12345.
Moses,Carson,Hello12345.
Irvin,Bowers,Hello12345.
Saul,Roberson,Hello12345.
Roman,Barton,Hello12345.
Darnell,Tran,Hello12345.
Randal,Lamb,Hello12345.
Tommie,Harrington,Hello12345.
Timmy,Casey,Hello12345.
Darrin,Boone,Hello12345.
Winston,Cortez,Hello12345.
Brendan,Clarke,Hello12345.
Toby,Mathis,Hello12345.
Van,Singleton,Hello12345.
Abel,Wilkins,Hello12345.
Dominick,Cain,Hello12345.
Boyd,Bryan,Hello12345.
Courtney,Underwood,Hello12345.
Jan,Hogan,Hello12345.
Emilio,Mckenzie,Hello12345.
Elijah,Collier,Hello12345.
Cary,Luna,Hello12345.
Domingo,Phelps,Hello12345.
Santos,Mcguire,Hello12345.
Aubrey,Allison,Hello12345.
Emmett,Bridges,Hello12345.
Marlon,Wilkerson,Hello12345.
Emanuel,Nash,Hello12345.
Jerald,Summers,Hello12345.
Edmond,Atkins,Hello12345.
Emil,Wilcox,Hello12345.
Patricia,Pitts,Hello12345.
Linda,Conley,Hello12345.
Barbara,Marquez,Hello12345.
Elizabeth,Burnett,Hello12345.
Jennifer,Richard,Hello12345.
Maria,Cochran,Hello12345.
Susan,Chase,Hello12345.
Margaret,Davenport,Hello12345.
Dorothy,Hood,Hello12345.
Lisa,Gates,Hello12345.
Nancy,Clay,Hello12345.
Karen,Ayala,Hello12345.
Betty,Sawyer,Hello12345.
Helen,Roman,Hello12345.
Sandra,Vazquez,Hello12345.
Donna,Dickerson,Hello12345.
Carol,Hodge,Hello12345.
Ruth,Acosta,Hello12345.
Sharon,Flynn,Hello12345.
Michelle,Espinoza,Hello12345.
Laura,Nicholson,Hello12345.
Sarah,Monroe,Hello12345.
Kimberly,Wolf,Hello12345.
Deborah,Morrow,Hello12345.
Jessica,Kirk,Hello12345.
Shirley,Randall,Hello12345.
Cynthia,Anthony,Hello12345.
Angela,Whitaker,Hello12345.
Melissa,Oconnor,Hello12345.
Brenda,Skinner,Hello12345.
Amy,Ware,Hello12345.
Anna,Molina,Hello12345.
Rebecca,Kirby,Hello12345.
Virginia,Huffman,Hello12345.
Kathleen,Bradford,Hello12345.
Pamela,Charles,Hello12345.
Martha,Gilmore,Hello12345.
Debra,Dominguez,Hello12345.
Amanda,Oneal,Hello12345.
Stephanie,Bruce,Hello12345.
Carolyn,Lang,Hello12345.
Christine,Combs,Hello12345.
Marie,Kramer,Hello12345.
Janet,Heath,Hello12345.
Catherine,Hancock,Hello12345.
Frances,Gallagher,Hello12345.
Ann,Gaines,Hello12345.
Joyce,Shaffer,Hello12345.
Diane,Short,Hello12345.
Alice,Wiggins,Hello12345.
Julie,Mathews,Hello12345.
Heather,Mcclain,Hello12345.
Teresa,Fischer,Hello12345.
Doris,Wall,Hello12345.
Gloria,Small,Hello12345.
Evelyn,Melton,Hello12345.
Jean,Hensley,Hello12345.
Cheryl,Bond,Hello12345.
Mildred,Dyer,Hello12345.
Katherine,Cameron,Hello12345.
Joan,Grimes,Hello12345.
Ashley,Contreras,Hello12345.
Judith,Christian,Hello12345.
Rose,Wyatt,Hello12345.
Janice,Baxter,Hello12345.
Kelly,Snow,Hello12345.
Nicole,Mosley,Hello12345.
Judy,Shepherd,Hello12345.
Christina,Larsen,Hello12345.
Kathy,Hoover,Hello12345.
Theresa,Beasley,Hello12345.
Beverly,Glenn,Hello12345.
Denise,Petersen,Hello12345.
Tammy,Whitehead,Hello12345.
Irene,Meyers,Hello12345.
Jane,Keith,Hello12345.
Lori,Garrison,Hello12345.
Rachel,Vincent,Hello12345.
Marilyn,Shields,Hello12345.
Andrea,Horn,Hello12345.
Kathryn,Savage,Hello12345.
Louise,Olsen,Hello12345.
Sara,Schroeder,Hello12345.
Anne,Hartman,Hello12345.
Jacqueline,Woodard,Hello12345.
Wanda,Mueller,Hello12345.
Bonnie,Kemp,Hello12345.
Julia,Deleon,Hello12345.
Ruby,Booth,Hello12345.
Lois,Patel,Hello12345.
Tina,Calhoun,Hello12345.
Phyllis,Wiley,Hello12345.
Norma,Eaton,Hello12345.
Paula,Cline,Hello12345.
Diana,Navarro,Hello12345.
Annie,Harrell,Hello12345.
Lillian,Lester,Hello12345.
Emily,Humphrey,Hello12345.
Robin,Parrish,Hello12345.
Peggy,Duran,Hello12345.
Crystal,Hutchinson,Hello12345.
Gladys,Hess,Hello12345.
Rita,Dorsey,Hello12345.
Dawn,Bullock,Hello12345.
Connie,Robles,Hello12345.
Florence,Beard,Hello12345.
Tracy,Dalton,Hello12345.
Edna,Avila,Hello12345.
Tiffany,Vance,Hello12345.
Carmen,Rich,Hello12345.
Rosa,Blackwell,Hello12345.
Cindy,York,Hello12345.
Grace,Johns,Hello12345.
Wendy,Blankenship,Hello12345.
Victoria,Trevino,Hello12345.
Edith,Salinas,Hello12345.
Kim,Campos,Hello12345.
Sherry,Pruitt,Hello12345.
Sylvia,Moses,Hello12345.
Josephine,Callahan,Hello12345.
Thelma,Golden,Hello12345.
Shannon,Montoya,Hello12345.
Sheila,Hardin,Hello12345.
Ethel,Guerra,Hello12345.
Ellen,Mcdowell,Hello12345.
Elaine,Carey,Hello12345.
Marjorie,Stafford,Hello12345.
Carrie,Gallegos,Hello12345.
Charlotte,Henson,Hello12345.
Monica,Wilkinson,Hello12345.
Esther,Booker,Hello12345.
Pauline,Merritt,Hello12345.
Emma,Miranda,Hello12345.
Juanita,Atkinson,Hello12345.
Anita,Orr,Hello12345.
Rhonda,Decker,Hello12345.
Hazel,Hobbs,Hello12345.
Amber,Preston,Hello12345.
Eva,Tanner,Hello12345.
Debbie,Knox,Hello12345.
April,Pacheco,Hello12345.
Leslie,Stephenson,Hello12345.
Clara,Glass,Hello12345.
Lucille,Rojas,Hello12345.
Jamie,Serrano,Hello12345.
Joanne,Marks,Hello12345.
Eleanor,Hickman,Hello12345.
Valerie,English,Hello12345.
Danielle,Sweeney,Hello12345.
Megan,Strong,Hello12345.
Alicia,Prince,Hello12345.
Suzanne,Mcclure,Hello12345.
Michele,Conway,Hello12345.
Gail,Walter,Hello12345.
Bertha,Roth,Hello12345.
Darlene,Maynard,Hello12345.
Veronica,Farrell,Hello12345.
Jill,Lowery,Hello12345.
Erin,Hurst,Hello12345.
Geraldine,Nixon,Hello12345.
Lauren,Weiss,Hello12345.
Cathy,Trujillo,Hello12345.
Joann,Ellison,Hello12345.
Lorraine,Sloan,Hello12345.
Lynn,Juarez,Hello12345.
Sally,Winters,Hello12345.
Regina,Mclean,Hello12345.
Erica,Randolph,Hello12345.
Beatrice,Leon,Hello12345.
Dolores,Boyer,Hello12345.
Bernice,Villarreal,Hello12345.
Audrey,Mccall,Hello12345.
Yvonne,Gentry,Hello12345.
Annette,Carrillo,Hello12345.
June,Kent,Hello12345.
Samantha,Ayers,Hello12345.
Marion,Lara,Hello12345.
Dana,Shannon,Hello12345.
Stacy,Sexton,Hello12345.
Ana,Pace,Hello12345.
Renee,Hull,Hello12345.
Ida,Leblanc,Hello12345.
Vivian,Browning,Hello12345.
Roberta,Velasquez,Hello12345.
Holly,Leach,Hello12345.
Brittany,Chang,Hello12345.
Melanie,House,Hello12345.
Loretta,Sellers,Hello12345.
Yolanda,Herring,Hello12345.
Jeanette,Noble,Hello12345.
Laurie,Foley,Hello12345.
Katie,Bartlett,Hello12345.
Kristen,Mercado,Hello12345.
Vanessa,Landry,Hello12345.
Alma,Durham,Hello12345.
Sue,Walls,Hello12345.
Elsie,Barr,Hello12345.
Beth,Mckee,Hello12345.
Jeanne,Bauer,Hello12345.
Vicki,Rivers,Hello12345.
Carla,Everett,Hello12345.
Tara,Bradshaw,Hello12345.
Rosemary,Pugh,Hello12345.
Eileen,Velez,Hello12345.
Terri,Rush,Hello12345.
Gertrude,Estes,Hello12345.
Lucy,Dodson,Hello12345.
Tonya,Morse,Hello12345.
Ella,Sheppard,Hello12345.
Stacey,Weeks,Hello12345.
Wilma,Camacho,Hello12345.
Gina,Bean,Hello12345.
Kristin,Barron,Hello12345.
Jessie,Livingston,Hello12345.
Natalie,Middleton,Hello12345.
Agnes,Spears,Hello12345.
Vera,Branch,Hello12345.
Willie,Blevins,Hello12345.
Charlene,Chen,Hello12345.
Bessie,Kerr,Hello12345.
Delores,Mcconnell,Hello12345.
Melinda,Hatfield,Hello12345.
Pearl,Harding,Hello12345.
Arlene,Ashley,Hello12345.
Maureen,Solis,Hello12345.
Colleen,Herman,Hello12345.
Allison,Frost,Hello12345.
Tamara,Giles,Hello12345.
Joy,Blackburn,Hello12345.
Georgia,William,Hello12345.
Constance,Pennington,Hello12345.
Lillie,Woodward,Hello12345.
Claudia,Finley,Hello12345.
Jackie,Mcintosh,Hello12345.
Marcia,Koch,Hello12345.
Tanya,Best,Hello12345.
Nellie,Solomon,Hello12345.
Minnie,Mccullough,Hello12345.
Marlene,Dudley,Hello12345.
Heidi,Nolan,Hello12345.
Glenda,Blanchard,Hello12345.
Lydia,Rivas,Hello12345.
Viola,Brennan,Hello12345.
Courtney,Mejia,Hello12345.
Marian,Kane,Hello12345.
Stella,Benton,Hello12345.
Caroline,Joyce,Hello12345.
Dora,Buckley,Hello12345.
Jo,Haley,Hello12345.
Vickie,Valentine,Hello12345.
Mattie,Maddox,Hello12345.
Terry,Russo,Hello12345.
Maxine,Mcknight,Hello12345.
Irma,Buck,Hello12345.
Mabel,Moon,Hello12345.
Marsha,Mcmillan,Hello12345.
Myrtle,Crosby,Hello12345.
Lena,Berg,Hello12345.
Christy,Dotson,Hello12345.
Deanna,Mays,Hello12345.
Patsy,Roach,Hello12345.
Hilda,Church,Hello12345.
Gwendolyn,Chan,Hello12345.
Jennie,Richmond,Hello12345.
Nora,Meadows,Hello12345.
Margie,Faulkner,Hello12345.
Nina,Oneill,Hello12345.
Cassandra,Knapp,Hello12345.
Leah,Kline,Hello12345.
Penny,Barry,Hello12345.
Kay,Ochoa,Hello12345.
Priscilla,Jacobson,Hello12345.
Naomi,Gay,Hello12345.
Carole,Avery,Hello12345.
Brandy,Hendricks,Hello12345.
Olga,Horne,Hello12345.
Billie,Shepard,Hello12345.
Dianne,Hebert,Hello12345.
Tracey,Cherry,Hello12345.
Leona,Cardenas,Hello12345.
Jenny,Mcintyre,Hello12345.
Felicia,Whitney,Hello12345.
Sonia,Waller,Hello12345.
Miriam,Holman,Hello12345.
Velma,Donaldson,Hello12345.
Becky,Cantu,Hello12345.
Bobbie,Terrell,Hello12345.
Violet,Morin,Hello12345.
Kristina,Gillespie,Hello12345.
Toni,Fuentes,Hello12345.
Misty,Tillman,Hello12345.
Mae,Sanford,Hello12345.
Shelly,Bentley,Hello12345.
Daisy,Peck,Hello12345.
Ramona,Key,Hello12345.
Sherri,Salas,Hello12345.
Erika,Rollins,Hello12345.
Katrina,Gamble,Hello12345.
Claire,Dickson,Hello12345.
Lindsey,Battle,Hello12345.
Lindsay,Santana,Hello12345.
Geneva,Cabrera,Hello12345.
Guadalupe,Cervantes,Hello12345.
Belinda,Howe,Hello12345.
Margarita,Hinton,Hello12345.
Sheryl,Hurley,Hello12345.
Cora,Spence,Hello12345.
Faye,Zamora,Hello12345.
Ada,Yang,Hello12345.
Natasha,Mcneil,Hello12345.
Sabrina,Suarez,Hello12345.
Isabel,Case,Hello12345.
Marguerite,Petty,Hello12345.
Hattie,Gould,Hello12345.
Harriet,Mcfarland,Hello12345.
Molly,Sampson,Hello12345.
Cecilia,Carver,Hello12345.
Kristi,Bray,Hello12345.
Brandi,Rosario,Hello12345.
Blanche,Macdonald,Hello12345.
Sandy,Stout,Hello12345.
Rosie,Hester,Hello12345.
Joanna,Melendez,Hello12345.
Iris,Dillon,Hello12345.
Eunice,Farley,Hello12345.
Angie,Hopper,Hello12345.
Inez,Galloway,Hello12345.
Lynda,Potts,Hello12345.
Madeline,Bernard,Hello12345.
Amelia,Joyner,Hello12345.
Alberta,Stein,Hello12345.
Genevieve,Aguirre,Hello12345.
Monique,Osborn,Hello12345.
Jodi,Mercer,Hello12345.
Janie,Bender,Hello12345.
Maggie,Franco,Hello12345.
Kayla,Rowland,Hello12345.
Sonya,Sykes,Hello12345.
Jan,Benjamin,Hello12345.
Lee,Travis,Hello12345.
Kristine,Pickett,Hello12345.
Candace,Crane,Hello12345.
Fannie,Sears,Hello12345.
Maryann,Mayo,Hello12345.
Opal,Dunlap,Hello12345.
Alison,Hayden,Hello12345.
Yvette,Wilder,Hello12345.
Melody,Mckay,Hello12345.
Luz,Coffey,Hello12345.
Susie,Mccarty,Hello12345.
Olivia,Ewing,Hello12345.
Flora,Cooley,Hello12345.
Shelley,Vaughan,Hello12345.
Kristy,Bonner,Hello12345.
Mamie,Cotton,Hello12345.
Lula,Holder,Hello12345.
Lola,Stark,Hello12345.
Verna,Ferrell,Hello12345.
Beulah,Cantrell,Hello12345.
Antoinette,Fulton,Hello12345.
Candice,Lynn,Hello12345.
Juana,Lott,Hello12345.
Jeannette,Calderon,Hello12345.
Pam,Rosa,Hello12345.
Kelli,Pollard,Hello12345.
Hannah,Hooper,Hello12345.
Whitney,Burch,Hello12345.
Bridget,Mullen,Hello12345.
Karla,Fry,Hello12345.
Celia,Riddle,Hello12345.
Latoya,Levy,Hello12345.
Patty,David,Hello12345.
Shelia,Duke,Hello12345.
Gayle,Odonnell,Hello12345.
Della,Guy,Hello12345.
Vicky,Michael,Hello12345.
Lynne,Britt,Hello12345.
Sheri,Frederick,Hello12345.
Marianne,Daugherty,Hello12345.
Kara,Berger,Hello12345.
Jacquelyn,Dillard,Hello12345.
Erma,Alston,Hello12345.
Blanca,Jarvis,Hello12345.
Myra,Frye,Hello12345.
Leticia,Riggs,Hello12345.
Pat,Chaney,Hello12345.
Krista,Odom,Hello12345.
Roxanne,Duffy,Hello12345.
Angelica,Fitzpatrick,Hello12345.
Johnnie,Valenzuela,Hello12345.
Robyn,Merrill,Hello12345.
Francis,Mayer,Hello12345.
Adrienne,Alford,Hello12345.
Rosalie,Mcpherson,Hello12345.
Alexandra,Acevedo,Hello12345.
Brooke,Donovan,Hello12345.
Bethany,Barrera,Hello12345.
Sadie,Albert,Hello12345.
Bernadette,Cote,Hello12345.
Traci,Reilly,Hello12345.
Jody,Compton,Hello12345.
Kendra,Raymond,Hello12345.
Jasmine,Mooney,Hello12345.
Nichole,Mcgowan,Hello12345.
Rachael,Craft,Hello12345.
Chelsea,Cleveland,Hello12345.
Mable,Clemons,Hello12345.
Ernestine,Wynn,Hello12345.
Muriel,Nielsen,Hello12345.
Marcella,Baird,Hello12345.
Elena,Stanton,Hello12345.
Krystal,Snider,Hello12345.
Angelina,Rosales,Hello12345.
Nadine,Bright,Hello12345.
Kari,Witt,Hello12345.
Estelle,Stuart,Hello12345.
Dianna,Hays,Hello12345.
Paulette,Holden,Hello12345.
Lora,Rutledge,Hello12345.
Mona,Kinney,Hello12345.
Doreen,Clements,Hello12345.
Rosemarie,Castaneda,Hello12345.
Angel,Slater,Hello12345.
Desiree,Hahn,Hello12345.
Antonia,Emerson,Hello12345.
Hope,Conrad,Hello12345.
Ginger,Burks,Hello12345.
Janis,Delaney,Hello12345.
Betsy,Pate,Hello12345.
Christie,Lancaster,Hello12345.
Freda,Sweet,Hello12345.
Mercedes,Justice,Hello12345.
Meredith,Tyson,Hello12345.
Lynette,Sharpe,Hello12345.
Teri,Whitfield,Hello12345.
Cristina,Talley,Hello12345.
Eula,Macias,Hello12345.
Leigh,Irwin,Hello12345.
Meghan,Burris,Hello12345.
Sophia,Ratliff,Hello12345.
Eloise,Mccray,Hello12345.
Rochelle,Madden,Hello12345.
Gretchen,Kaufman,Hello12345.
Cecelia,Beach,Hello12345.
Raquel,Goff,Hello12345.
Henrietta,Cash,Hello12345.
Alyssa,Bolton,Hello12345.
Jana,Mcfadden,Hello12345.
Kelley,Levine,Hello12345.
Gwen,Good,Hello12345.
Kerry,Byers,Hello12345.
Jenna,Kirkland,Hello12345.
Tricia,Kidd,Hello12345.
Laverne,Workman,Hello12345.
Olive,Carney,Hello12345.
Alexis,Dale,Hello12345.
Tasha,Mcleod,Hello12345.
Silvia,Holcomb,Hello12345.
Elvira,England,Hello12345.
Casey,Finch,Hello12345.
Delia,Head,Hello12345.
Sophie,Burt,Hello12345.
Kate,Hendrix,Hello12345.
Patti,Sosa,Hello12345.
Lorena,Haney,Hello12345.
Kellie,Franks,Hello12345.
Sonja,Sargent,Hello12345.
Lila,Nieves,Hello12345.
Lana,Downs,Hello12345.
Darla,Rasmussen,Hello12345.
May,Bird,Hello12345.
Mindy,Hewitt,Hello12345.
Essie,Lindsay,Hello12345.
Mandy,Le,Hello12345.
Lorene,Foreman,Hello12345.
Elsa,Valencia,Hello12345.
Josefina,Oneil,Hello12345.
Jeannie,Delacruz,Hello12345.
Miranda,Vinson,Hello12345.
Dixie,Dejesus,Hello12345.
Lucia,Hyde,Hello12345.
Marta,Forbes,Hello12345.
Faith,Gilliam,Hello12345.
Lela,Guthrie,Hello12345.
Johanna,Wooten,Hello12345.
Shari,Huber,Hello12345.
Camille,Barlow,Hello12345.
Tami,Boyle,Hello12345.
Shawna,Mcmahon,Hello12345.
Elisa,Buckner,Hello12345.
Ebony,Rocha,Hello12345.
Melba,Puckett,Hello12345.
Ora,Langley,Hello12345.
Nettie,Knowles,Hello12345.
Tabitha,Cooke,Hello12345.
Ollie,Velazquez,Hello12345.
Jaime,Whitley,Hello12345.
Winifred,Noel,Hello12345.
Kristie,Vang,Hello12345.
Marina,Shea,Hello12345.
